Braves,77,Luke,Jackson,1991,8,24,R,R,0,0,0,0,0,0,3.84,P
Braves,19,Shane,Greene,1988,11,17,R,R,0,0,0,0,0,0,4.01,P
Braves,26,Mike,Foltynewicz,1991,10,7,R,R,9,0.057,0,1,0,0.114,4.54,P
Braves,60,Dallas,Keuchel,1988,1,1,L,L,9,0.132,0,2,0,0.312,3.75,P
Braves,36,Mark,Melancon,1985,3,28,R,R,0,0,0,0,0,0,3.86,P
Braves,32,Josh,Tomlin,1984,10,19,R,R,1,0,0,0,0,0,3.74,P
Braves,15,Sean,Newcomb,1993,6,12,L,L,1,0,0,0,0,0,3.16,P
Braves,56,Darren,O'Day,1982,10,22,R,R,0,0,0,0,0,0,1.69,P
Braves,49,Julio,Teheran,1991,1,27,R,R,6,0.109,0,4,0,0.234,3.81,P
Braves,40,Mike,Soroka,1997,8,4,R,R,6,0.077,0,3,0,0.22,2.68,P
Braves,54,Max,Fried,1994,1,18,L,L,6,0.196,0,4,0,0.53,4.02,P
Braves,14,Matthew,Joyce,1984,8,3,L,R,52,0.295,7,23,0,0.858,0,RF
Braves,22,Nick,Markakis,1983,11,17,L,L,1,0.285,9,62,2,0.776,0,RF
Braves,16,Brian,McCann,1984,2,20,L,R,52,0.249,12,45,0,0.734,0,C
Braves,18,Rafael,Ortega,1991,5,15,L,R,8,0.205,2,10,3,0.578,0,LF
Braves,13,Ronald,Acuna Jr.,1997,12,18,R,R,52,0.28,41,101,37,0.883,0,CF
Braves,7,Dansby,Swanson,1994,2,11,R,R,1,0.251,17,65,10,0.748,0,SS
Braves,1,Ozzie,Albies,1997,1,7,S,R,1,0.295,24,86,15,0.852,0,2B
Braves,45,Francisco,Cervelli,1986,3,6,R,R,1,0.281,2,7,0,1.066,0,UT
Braves,20,Josh,Donaldson,1985,12,8,R,R,38,0.259,37,94,4,0.9,0,3B
Braves,23,Adam,Duvall,1988,9,4,R,R,1,0.267,10,19,0,0.882,0,LF
Braves,25,Tyler,Flowers,1986,1,24,R,R,52,0.229,11,34,0,0.733,0,C
Braves,5,Freddie,Freeman,1989,9,12,L,R,38,0.295,38,121,6,0.938,0,1B
Braves,9,Billy,Hamilton,1990,9,9,S,R,0,0.268,0,3,4,0.692,0,CF
Braves,24,Adeiny,Hechavarria,1989,4,15,R,R,0,0.328,4,15,0,1.039,0,SS
Braves,62,Touki,Toussaint,1996,6,20,R,R,7,0,0,0,0,0,5.62,P
Braves,72,Patrick,Weigel,1994,7,8,R,R,0,0,0,0,0,0,0,P
Braves,46,Bryse,Wilson,1997,12,20,R,R,0,0.222,0,0,0,0.444,7.2,P
Braves,30,Kyle,Wright,1995,10,2,R,R,0,0,0,0,0,0,8.69,P
Braves,38,Anthony,Swarzak,1985,9,10,R,R,0,0,0,0,0,0,4.31,P
Braves,63,Jeremy,Walker,1995,6,12,R,R,0,0,0,0,0,0,1.93,P
Braves,61,Chad,Sobotka,1993,7,10,R,R,0,0,0,0,0,0,6.21,P
Braves,51,Chris,Martin,1986,6,2,R,R,0,0,0,0,0,0,4.08,P
Braves,75,Grant,Dayton,1987,11,25,L,L,0,0,0,0,0,0,3,P
Braves,50,Jerry,Blevins,1983,9,6,L,L,0,0,0,0,0,0,3.9,P
Braves,73,Huascar,Ynoa,1998,5,28,R,R,0,0,0,0,0,0,18,P
Braves,27,Austin,Riley,1997,4,2,R,R,0,0.226,18,49,0,0.75,0,LF
Braves,55,J.R.,Murphy,1991,5,13,R,R,0,0,0,0,0,0,0,C
Braves,11,Ender,Inciarte,1990,10,29,L,L,0,0.246,5,24,7,0.74,0,CF
Braves,17,Johan,Camargo,1993,12,13,S,R,0,0.233,7,32,1,0.663,0,IF
Cubs,36,Dillon,Maples,1992,9,1992,R,R,0,0,0,0,0,0,5.4,P
Cubs,28,Kyle,Hendricks,1989,7,1989,R,R,54,0.148,0,5,0,0.36,3.46,P
Cubs,62,Jose,Quintana,1989,24,1989,R,L,54,0.093,0,3,0,0.204,4.68,P
Cubs,37,David,Phelps,1986,9,1986,R,R,0,0,0,0,0,0,3.18,P
Cubs,45,Derek,Holland,1986,9,1986,S,L,2,0,0,0,0,0.333,6.89,P
Cubs,39,Danny,Hultzen,1989,28,1989,L,L,0,0,0,0,0,0,0,P
Cubs,57,James,Norwood,1993,24,1993,R,R,1,0,0,0,0,0,2.89,P
Cubs,24,Craig,Kimbrel,1988,28,1988,R,R,0,0,0,0,0,0,6.53,P
Cubs,20,Brandon,Kintzler,1984,1,1984,R,R,0,0,0,0,0,0,2.68,P
Cubs,34,Jon,Lester,1984,7,1984,L,L,48,0.188,1,6,0,0.556,4.46,P
Cubs,30,Alec,Mills,1991,30,1991,R,R,12,0.083,0,0,0,0.167,2.75,P
Cubs,35,Cole,Hamels,1983,27,1983,L,L,42,0.143,0,4,0,0.344,3.81,P
Cubs,74,Justin,Steele,1995,11,1995,L,L,0,0,0,0,0,0,0,P
Cubs,46,Pedro,Strop,1985,13,1985,R,R,0,0,0,0,0,0,4.97,P
Cubs,50,Rowan,Wick,1992,9,1992,L,R,0,0,0,0,0,0,2.43,P
Cubs,32,Tyler,Chatwood,1989,16,1989,R,R,18,0.167,0,1,0,0.488,3.76,P
Cubs,41,Steve,Cishek,1986,18,1986,R,R,2,0,0,0,0,0,2.95,P
Cubs,38,Brad,Wieck,1991,14,1991,L,L,0,0,0,0,0,0,3.6,P
Cubs,11,Yu,Darvish,1986,16,1986,R,R,56,0.089,0,3,0,0.208,3.98,P
Cubs,73,Adbert,Alzolay,1995,1,1995,R,R,5,0,0,0,0,0,7.3,P
Cubs,56,Kyle,Ryan,1991,25,1991,L,L,2,0,0,0,0,0.333,3.54,P
Cubs,51,Duane,Underwood,1994,20,1994,R,R,1,0,0,0,0,0,5.4,P
Cubs,27,Addison,Russell,1994,23,1994,R,R,215,0.237,9,23,2,0.699,0,2B
Cubs,12,Kyle,Schwarber,1993,5,1993,L,R,529,0.25,38,92,2,0.871,0,LF
Cubs,44,Anthony,Rizzo,1989,8,1989,L,L,512,0.293,27,94,5,0.924,0,1B
Cubs,5,Albert,Almora,1994,16,1994,R,R,339,0.236,12,32,2,0.651,0,CF
Cubs,25,Jonathan,Lucroy,1986,13,1986,R,R,53,0.189,1,6,0,0.566,0,C
Cubs,9,Javier,Baez,1992,1,1992,R,R,531,0.281,29,85,11,0.847,0,SS
Cubs,13,David,Bote,1993,7,1993,R,R,303,0.257,11,41,5,0.785,0,IF
Cubs,17,Kris,Bryant,1992,4,1992,R,R,543,0.282,31,77,4,0.903,0,3B
Cubs,7,Victor,Caratini,1993,17,1993,S,R,244,0.266,11,34,1,0.794,9,C
Cubs,6,Nicholas,Castellanos,1992,4,1992,R,R,212,0.321,16,36,0,1.002,0,RF
Cubs,40,Willson,Contreras,1992,13,1992,R,R,360,0.272,24,64,1,0.888,0,C
Cubs,3,Daniel,Descalso,1986,19,1986,L,R,168,0.173,2,15,2,0.521,0,2B
Cubs,16,Robel,Garcia,1993,28,1993,S,R,72,0.208,5,11,0,0.775,0,2B
Cubs,8,Ian,Happ,1994,12,1994,S,R,140,0.264,11,30,2,0.898,0,UT
Cubs,22,Jason,Heyward,1989,9,1989,L,L,513,0.251,21,62,8,0.772,0,RF
Cubs,2,Nico,Hoerner,1997,13,1997,R,R,78,0.282,3,17,0,0.741,0,SS
Cubs,4,Tony,Kemp,1991,31,1991,L,R,82,0.183,1,12,0,0.563,0,UT
Cubs,18,Ben,Zobrist,1981,26,1981,S,R,150,0.26,1,17,0,0.671,0,2B
Nationals,37,Stephen,Strasburg,1988,7,20,R,R,72,0.167,1,10,0,0.422,3.32,P
Nationals,31,Max,Scherzer,1984,7,27,R,R,55,0.182,0,2,2,0.364,2.92,P
Nationals,56,Fernando,Rodney,1977,3,18,R,R,0,0,0,0,0,0,4.05,P
Nationals,60,Hunter,Strickland,1988,9,24,R,R,0,0,0,0,0,0,5.14,P
Nationals,63,Sean,Doolittle,1986,9,26,L,L,3,0,0,0,0,0,0,P
Nationals,51,Wander,Suero,1991,9,15,R,R,1,0,0,0,0,0,4.54,P
Nationals,46,Patrick,Corbin,1989,7,19,L,L,65,0.092,0,4,0,0.24,0,P
Nationals,44,Daniel,Hudson,1987,3,9,R,R,0,0,0,0,0,0,1.44,P
Nationals,21,Tanner,Rainey,1992,12,25,R,R,1,0,0,0,0,0,3.91,P
Nationals,50,Austin,Voth,1992,6,26,R,R,9,0.111,0,1,0,0.222,3.3,P
Nationals,19,Anibal,Sanchez,1984,2,27,R,R,52,0.115,0,1,0,0.231,3.85,P
Nationals,6,Anthony,Rendon,1990,6,6,R,R,545,0.319,34,126,5,1.01,0,3B
Nationals,16,Victor,Robles,1997,5,19,R,R,546,0.255,17,65,28,0.745,0,CF
Nationals,22,Juan,Soto,1998,10,25,L,L,542,0.282,34,110,12,0.949,0,LF
Nationals,15,Matt,Adams,1988,8,31,L,R,310,0.226,20,56,0,0.741,0,1B
Nationals,28,Kurt,Suzuki,1983,10,4,R,R,280,0.264,17,63,0,0.809,0,C
Nationals,3,Michael,Taylor,1991,3,26,R,R,88,0.25,1,3,6,0.669,0,CF
Nationals,7,Trea,Turner,1993,6,30,R,R,521,0.298,19,57,35,0.85,0,SS
Nationals,88,Gerardo,Parra,1987,5,6,L,L,188,0.25,8,42,6,0.747,0,UT
Nationals,11,Ryan,Zimmerman,1984,9,28,R,R,171,0.257,6,27,0,0.736,0,1B
Nationals,2,Adam,Eaton,1988,12,6,L,L,566,0.279,15,49,15,0.792,0,RF
Nationals,9,Brian,Dozier,1987,5,15,R,R,416,0.238,20,50,3,0.771,18,2B
Nationals,47,Howie,Kendrick,1983,7,12,R,R,334,0.344,17,62,2,0.966,0,IF
Nationals,13,Asdrubal,Cabrera,1985,11,13,S,R,124,0.323,6,40,0,0.969,0,2B
Nationals,10,Yan,Gomes,1987,7,19,R,R,314,0.223,12,43,2,0.704,0,C
Nationals,0,James,Bourque,1993,7,9,R,R,0,0,0,0,0,0,54,P
Nationals,32,Aaron,Barrett,1988,1,2,R,R,0,0,0,0,0,0,15.43,P
Nationals,29,Roenis,Elias,1988,8,1,L,L,1,0,0,0,0,0,0,P
Nationals,23,Erick,Fedde,1993,2,25,R,R,15,0.133,0,0,0,0.267,4.5,P
Nationals,41,Joe,Ross,1993,5,21,R,R,19,0.105,0,0,0,0.255,5.48,P
Nationals,48,Javy,Guerra,1985,10,31,R,R,3,0,0,0,0,0,4.86,P
Nationals,58,Jeremy,Hellickson,1987,4,8,R,R,9,0.111,0,0,0,0.384,6.23,P
Nationals,61,Kyle,McGowin,1991,11,27,R,R,3,0.333,0,0,0,0.667,10.13,P
Nationals,5,Adrian,Sanchez,1990,8,16,R,R,31,0.226,0,1,0,0.476,0,UT
Nationals,73,Tres,Barrera,1994,9,15,R,R,2,0,0,0,0,0,0,C
Nationals,8,Carter,Kieboom,1997,9,3,R,R,39,0.128,2,2,0,0.491,0,SS
Nationals,65,Raudy,Read,1993,10,29,R,R,11,0.091,0,0,0,0.182,0,C
Nationals,1,Wilmer,Difo,1992,4,2,S,R,131,0.252,2,8,0,0.628,0,SS
Nationals,17,Andrew,Stevenson,1994,6,1,L,L,30,0.367,0,0,0,0.953,0,LF
Nationals,18,Jake,Noll,1994,3,8,R,R,12,0.167,0,2,0,0.481,0,CI
Mets,73,Daniel,Zamora,1993,4,15,L,L,0,0,0,0,0,0,5.19,P
Mets,66,Franklyn,Kilome,1995,6,25,R,R,0,0,0,0,0,0,0,P
Mets,61,Walker,Lockett,1994,5,3,R,R,6,0.167,0,0,0,0.452,8.34,P
Mets,67,Seth,Lugo,1989,11,17,R,R,1,1,0,1,0,2,2.7,P
Mets,32,Steven,Matz,1991,5,29,R,L,57,0.228,1,1,0,0.509,4.21,P
Mets,74,Chris,Mazza,1989,10,17,R,R,3,0,0,0,0,0,5.51,P
Mets,72,Stephen,Nogosek,1995,1,11,R,R,0,0,0,0,0,0,10.8,P
Mets,55,Corey,Oswalt,1993,9,3,R,R,1,0,0,1,0,0,12.15,P
Mets,51,Paul,Sewald,1990,5,26,R,R,1,0,0,0,0,0,4.58,P
Mets,7,Marcus,Stroman,1991,5,1,R,R,21,0.048,0,0,0,0.095,3.77,P
Mets,34,Noah,Syndergaard,1992,8,29,L,R,65,0.092,2,2,0,0.332,4.28,P
Mets,45,Zack,Wheeler,1990,5,30,L,R,57,0.211,1,6,0,0.561,3.96,P
Mets,38,Justin,Wilson,1987,8,18,L,L,0,0,0,0,0,0,2.54,P
Mets,68,Donnie,Hart,1990,9,6,L,L,1,0,0,0,0,0,0,P
Mets,65,Robert,Gsellman,1993,7,18,R,R,0,0,0,0,0,0,4.66,P
Mets,27,Jeurys,Familia,1989,10,10,R,R,0,0,0,0,0,0,5.7,P
Mets,48,Jacob,deGrom,1988,6,19,L,R,65,0.2,2,6,0,0.569,2.43,P
Mets,39,Edwin,Diaz,1994,3,22,R,R,0,0,0,0,0,0,5.59,P
Mets,64,Chris,Flexen,1994,7,1,R,R,2,0.5,0,0,0,1,6.59,P
Mets,29,Brad,Brach,1986,4,12,R,R,0,0,0,0,0,0,3.68,P
Mets,49,Tyler,Bashlor,1993,4,16,R,R,0,0,0,0,0,0,6.95,P
Mets,47,Drew,Gagnon,1990,6,26,R,R,3,0.333,0,0,0,0.667,8.37,P
Mets,43,Luis,Avilan,1989,7,19,L,L,0,0,0,0,0,0,5.06,P
Mets,44,Rene,Rivera,1983,7,31,R,R,17,0.235,1,3,0,0.762,0,C
Mets,1,Amed,Rosario,1995,11,20,R,R,616,0.287,15,72,19,0.755,0,SS
Mets,30,Michael,Conforto,1993,3,1,L,R,549,0.257,33,92,7,0.856,0,RF
Mets,22,Dominic,Smith,1995,6,15,L,L,177,0.282,11,25,1,0.881,0,LF
Mets,13,Luis,Guillorme,1994,9,27,L,R,61,0.246,1,3,0,0.684,0,IF
Mets,24,Robinson,Cano,1982,10,22,L,R,390,0.256,13,39,0,0.736,0,2B
Mets,40,Wilson,Ramos,1987,8,10,R,R,473,0.288,14,73,1,0.768,0,C
Mets,2,Joe,Panik,1990,10,30,L,R,94,0.277,2,12,0,0.738,0,2B
Mets,19,Sam,Haggerty,1994,5,26,S,R,4,0,0,0,0,0,0,UT
Mets,21,Todd,Frazier,1986,2,12,R,R,447,0.251,21,67,1,0.772,0,3B
Mets,12,Juan,Lagares,1989,3,17,R,R,258,0.213,5,27,4,0.605,0,CF
Mets,4,Jed,Lowrie,1984,4,17,S,R,7,0,0,0,0,0.125,0,2B
Mets,3,Tomas,Nido,1994,4,12,R,R,136,0.191,4,14,0,0.547,0,C
Mets,9,Brandon,Nimmo,1993,3,27,L,R,199,0.221,8,29,3,0.783,0,OF
Mets,18,Rajai,Davis,1980,10,19,R,R,25,0.2,1,8,0,0.631,0,OF
Mets,28,J.D.,Davis,1993,4,27,R,R,410,0.307,22,57,3,0.895,0,LF
Mets,20,Pete,Alonso,1994,12,7,R,R,597,0.26,53,120,1,0.941,0,1B
Phillies,52,Jose,Alvarez,1989,5,6,L,L,0,0,0,0,0,0,3.36,P
Phillies,61,Edubray,Ramos,1992,12,19,R,R,0,0,0,0,0,0,5.4,P
Phillies,25,Jared,Hughes,1985,7,4,R,R,0,0,0,0,0,0,3.91,P
Phillies,47,Cole,Irvin,1994,1,31,L,L,6,0.167,0,0,0,0.542,5.83,P
Phillies,43,Nick,Pivetta,1993,2,14,R,R,25,0.08,0,0,0,0.195,5.38,P
Phillies,53,Blake,Parker,1985,6,19,R,R,1,0,0,0,0,0,5.04,P
Phillies,28,Mike,Morin,1991,5,3,R,R,0,0,0,0,0,0,5.79,P
Phillies,27,Aaron,Nola,1993,6,4,R,R,59,0.119,0,2,0,0.353,3.87,P
Phillies,50,Hector,Neris,1989,6,14,R,R,1,0,0,0,0,0,2.93,P
Phillies,12,Juan,Nicasio,1986,8,31,R,R,2,0,0,0,0,0,4.75,P
Phillies,65,J.D.,Hammer,1994,7,12,R,R,1,0,0,0,0,0,3.79,P
Phillies,21,Vince,Velasquez,1992,6,7,R,R,30,0.233,1,3,0,0.615,4.91,P
Phillies,18,Drew,Smyly,1989,6,13,L,L,18,0,0,0,0,0.053,4.45,P
Phillies,29,Nick,Vincent,1986,7,12,R,R,0,0,0,0,0,0,1.93,P
Phillies,55,Ranger,Suarez,1995,8,26,L,L,4,0.25,0,0,0,0.5,3.14,P
Phillies,66,Edgar,Garcia,1996,10,4,R,R,0,0,0,0,0,0,5.77,P
Phillies,44,Jason,Vargas,1983,2,2,L,L,12,0.083,0,0,0,0.167,5.37,P
Phillies,54,Austin,Davis,1993,2,3,L,L,0,0,0,0,0,0,6.53,P
Phillies,51,Enyel,De Los Santos,1995,12,25,R,R,1,0,0,0,0,0,7.36,P
Phillies,56,Zach,Eflin,1994,4,8,R,R,50,0.16,0,2,0,0.34,4.13,P
Phillies,67,Jose,Pirela,1989,11,21,R,R,17,0.235,1,2,0,0.786,0,OF
Phillies,2,Jean,Segura,1990,3,17,R,R,576,0.28,12,60,10,0.743,0,SS
Phillies,24,Roman,Quinn,1993,5,14,S,R,108,0.213,4,11,8,0.668,8.1,CF
Phillies,10,J.T.,Realmuto,1991,3,18,R,R,538,0.275,25,83,9,0.82,0,C
Phillies,13,Sean,Rodriguez,1985,4,26,R,R,112,0.223,4,12,1,0.723,0,UT
Phillies,8,Logan,Morrison,1987,8,25,L,L,35,0.2,2,3,0,0.663,0,1B
Phillies,23,Jay,Bruce,1987,4,3,L,L,145,0.221,12,31,0,0.745,0,LF
Phillies,7,Maikel,Franco,1992,8,26,R,R,389,0.234,17,56,0,0.705,0,3B
Phillies,70,Arquimedes,Gamboa,1997,9,23,S,R,0,0,0,0,0,0,0,SS
Phillies,9,Phil,Gosselin,1988,10,3,R,R,65,0.262,0,7,0,0.602,0,UT
Phillies,73,Deivy,Grullon,1996,2,17,R,R,9,0.111,0,1,0,0.333,0,C
Phillies,3,Bryce,Harper,1992,10,16,L,R,573,0.26,35,114,15,0.882,0,RF
Phillies,40,Adam,Haseley,1996,4,12,L,L,222,0.266,5,26,4,0.72,0,OF
Phillies,16,Cesar,Hernandez,1990,5,23,S,R,612,0.279,14,71,9,0.741,0,2B
Phillies,17,Rhys,Hoskins,1993,3,17,R,R,570,0.226,29,85,2,0.819,0,1B
Phillies,4,Scott,Kingery,1994,4,29,R,R,458,0.258,19,55,15,0.788,0,CF
Phillies,15,Andrew,Knapp,1991,11,9,S,R,136,0.213,2,8,0,0.642,0,C
Phillies,33,Brad,Miller,1989,10,18,L,R,118,0.263,12,21,1,0.941,0,UT
Phillies,5,Nick,Williams,1993,9,8,L,L,106,0.151,2,5,0,0.442,0,LF
Phillies,77,Adonis,Medina,1996,12,18,R,R,0,0,0,0,0,0,0,P
Marlins,22,Sandy,Alcantara,1995,9,7,R,R,58,0.086,0,4,0,0.22,3.88,P
Marlins,75,Jorge,Guzman,1996,1,28,R,R,0,0,0,0,0,0,0,P
Marlins,57,Elieser,Hernandez,1995,5,3,R,R,19,0.053,0,0,0,0.153,5.03,P
Marlins,0,Jordan,Holloway,1996,6,13,R,R,0,0,0,0,0,0,0,P
Marlins,72,Kyle,Keller,1993,4,28,R,R,0,0,0,0,0,0,3.38,P
Marlins,39,Tyler,Kinley,1991,1,31,R,R,1,0,0,0,0,0,3.65,P
Marlins,49,Pablo,Lopez,1996,3,7,L,R,35,0.171,0,3,0,0.4,5.09,P
Marlins,63,Brian,Moran,1988,9,30,L,L,0,0,0,0,0,0,4.26,P
Marlins,74,Jose,Quijada,1995,11,9,L,L,1,0,0,0,0,0,5.76,P
Marlins,31,Caleb,Smith,1991,7,28,R,L,43,0.233,0,3,0,0.529,4.52,P
Marlins,35,Ryne,Stanek,1991,7,26,R,R,0,0,0,0,0,0,5.48,P
Marlins,62,Jose,Urena,1991,9,12,R,R,19,0,0,0,0,0.05,5.21,P
Marlins,56,Tayron,Guerrero,1991,1,9,R,R,0,0,0,0,0,0,6.26,P
Marlins,66,Jarlin,Garcia,1993,1,18,L,L,1,0,0,0,0,0,3.02,P
Marlins,50,Jordan,Yamamoto,1996,5,11,R,R,21,0.048,0,1,0,0.139,4.46,P
Marlins,20,Wei-Yin,Chen,1985,7,21,R,L,5,0,0,0,0,0,6.59,P
Marlins,61,Adam,Conley,1990,5,24,L,L,1,0,0,0,0,0,6.53,P
Marlins,37,Austin,Brice,1992,6,19,R,R,0,0,0,0,0,0,3.43,P
Marlins,64,Robert,Dugger,1995,7,3,R,R,11,0,0,0,0,0,5.77,P
Marlins,43,Jeff,Brigham,1992,2,16,R,R,1,0,0,0,0,0,4.46,P
Marlins,55,Jon,Berti,1990,1,22,R,R,256,0.273,6,24,17,0.755,0,UT
Marlins,38,Jorge,Alfaro,1993,6,11,R,R,431,0.262,18,57,4,0.736,0,C
Marlins,18,Neil,Walker,1985,9,10,S,R,337,0.261,8,38,3,0.738,0,CI
Marlins,34,Magneuris,Sierra,1996,4,7,L,L,40,0.35,0,1,3,0.806,0,OF
Marlins,65,Jesus,Sanchez,1997,10,7,L,R,0,0,0,0,0,0,0,LF
Marlins,19,Miguel,Rojas,1989,2,24,R,R,483,0.284,5,46,9,0.71,0,SS
Marlins,47,Harold,Ramirez,1994,9,6,R,R,421,0.276,11,50,2,0.728,0,RF
Marlins,46,Cesar,Puello,1991,4,1,R,R,84,0.179,1,6,0,0.519,0,OF
Marlins,14,Martin,Prado,1983,10,27,R,R,245,0.233,2,15,0,0.559,0,CI
Marlins,9,Lewis,Brinson,1994,5,8,R,R,226,0.173,0,15,1,0.457,0,CF
Marlins,13,Starlin,Castro,1990,3,24,R,R,636,0.27,22,86,2,0.736,0,2B
Marlins,26,Garrett,Cooper,1990,12,25,R,R,381,0.281,15,50,0,0.791,0,1B
Marlins,44,Austin,Dean,1993,10,14,R,R,178,0.225,6,21,0,0.665,0,LF
Marlins,83,Monte,Harrison,1995,8,10,R,R,0,0,0,0,0,0,0,CF
Marlins,1,Isan,Diaz,1996,5,27,L,R,179,0.173,5,23,0,0.566,0,2B
Marlins,21,Curtis,Granderson,1981,3,16,L,R,317,0.183,12,34,0,0.637,0,LF
Cardinals,18,Carlos,Martinez,1991,9,21,R,R,1,0,0,0,0,0,3.17,P
Cardinals,39,Miles,Mikolas,1988,8,23,R,R,59,0.136,0,2,0,0.288,4.16,P
Cardinals,65,Giovanny,Gallegos,1991,8,14,R,R,2,0,0,0,0,0,2.31,P
Cardinals,22,Jack,Flaherty,1995,10,15,R,R,54,0.185,0,4,1,0.451,2.75,P
Cardinals,56,Ryan,Helsley,1994,7,18,R,R,3,0.333,0,0,0,0.667,2.95,P
Cardinals,62,Daniel,Ponce de Leon,1992,1,16,R,R,9,0,0,0,0,0.1,3.7,P
Cardinals,50,Adam,Wainwright,1981,8,30,R,R,50,0.16,0,2,0,0.409,4.19,P
Cardinals,30,Tyler,Webb,1990,7,20,L,L,0,0,0,0,0,0,3.76,P
Cardinals,61,Genesis,Cabrera,1996,10,10,L,L,4,0,0,0,0,0,4.87,P
Cardinals,60,John,Brebbia,1990,5,30,L,R,1,1,0,0,0,2,3.59,P
Cardinals,43,Dakota,Hudson,1994,9,15,R,R,51,0.078,0,2,0,0.175,3.35,P
Cardinals,21,Andrew,Miller,1985,5,21,L,L,0,0,0,0,0,0,4.45,P
Cardinals,38,Jose,Martinez,1988,7,25,R,R,334,0.269,10,42,3,0.751,0,RF
Cardinals,4,Yadier,Molina,1982,7,13,R,R,419,0.27,10,57,6,0.711,0,C
Cardinals,34,Yairo,Munoz,1995,1,23,R,R,172,0.267,2,13,8,0.653,0,UT
Cardinals,23,Marcell,Ozuna,1990,11,12,R,R,485,0.241,29,89,12,0.8,0,LF
Cardinals,32,Matt,Wieters,1986,5,21,S,R,168,0.214,11,27,1,0.702,0,C
Cardinals,66,Randy,Arozarena,1995,2,28,R,R,20,0.3,1,2,2,0.891,0,OF
Cardinals,16,Kolten,Wong,1990,10,10,L,R,478,0.285,11,59,24,0.784,0,2B
Cardinals,48,Harrison,Bader,1994,6,3,R,R,347,0.205,12,39,11,0.68,0,CF
Cardinals,13,Matt,Carpenter,1985,11,26,L,R,416,0.226,15,46,6,0.726,0,3B
Cardinals,12,Paul,DeJong,1993,8,2,R,R,583,0.233,30,78,9,0.762,0,SS
Cardinals,19,Tommy,Edman,1995,5,9,S,R,326,0.304,11,36,15,0.85,0,IF
Cardinals,25,Dexter,Fowler,1986,3,22,S,R,487,0.238,19,67,8,0.754,0,RF
Cardinals,46,Paul,Goldschmidt,1987,9,10,R,R,597,0.26,34,97,3,0.821,0,1B
Cardinals,52,Michael,Wacha,1991,7,1,R,R,36,0.167,0,3,0,0.361,4.76,P
Cardinals,0,Austin,Gomber,1993,11,23,L,L,0,0,0,0,0,0,0,P
Cardinals,29,Alex,Reyes,1994,8,29,R,R,0,0,0,0,0,0,15,P
Cardinals,55,Dominic,Leone,1991,10,26,R,R,0,0,0,0,0,0,5.53,P
Cardinals,59,Mike,Mayers,1991,12,6,R,R,1,0,0,0,0,0,6.63,P
Cardinals,44,Junior,Fernandez,1997,3,2,R,R,0,0,0,0,0,0,5.4,P
Cardinals,53,John,Gant,1992,8,6,R,R,3,0,0,0,0,0,3.66,P
Cardinals,67,Justin,Williams,1995,8,20,L,R,0,0,0,0,0,0,0,LF
Cardinals,68,Joe,Hudson,1991,5,21,R,R,1,0,0,0,0,0,0,C
Cardinals,28,Adolis,Garcia,1993,3,2,R,R,0,0,0,0,0,0,0,RF
Cardinals,64,Ramon,Urias,1994,6,3,R,R,0,0,0,0,0,0,0,SS
Cardinals,63,Edmundo,Sosa,1996,3,6,R,R,8,0.25,0,0,1,0.65,0,2B
Cardinals,47,Rangel,Ravelo,1992,4,24,R,R,39,0.205,2,7,0,0.666,0,1B
Cardinals,41,Tyler,O'Neill,1995,6,22,R,R,141,0.262,5,16,1,0.723,0,LF
Cardinals,7,Andrew,Knizner,1995,2,3,R,R,53,0.226,2,7,2,0.67,0,C
Brewers,43,Matt,Albers,1983,1,20,L,R,0,0,0,0,0,0,5.13,P
Brewers,41,Junior,Guerra,1985,1,16,R,R,3,0.333,0,0,0,0.667,3.55,P
Brewers,71,Josh,Hader,1994,4,7,L,L,2,0,0,0,0,0,2.62,P
Brewers,37,Adrian,Houser,1993,2,2,R,R,22,0.045,0,0,0,0.216,3.72,P
Brewers,25,Jay,Jackson,1987,10,27,R,R,2,0,0,0,0,0,4.45,P
Brewers,23,Jordan,Lyles,1990,10,19,R,R,20,0.1,0,2,0,0.243,2.45,P
Brewers,52,Jimmy,Nelson,1989,6,5,R,R,3,0,0,0,0,0,6.95,P
Brewers,51,Freddy,Peralta,1996,6,4,R,R,15,0.133,0,1,0,0.267,5.29,P
Brewers,15,Drew,Pomeranz,1988,11,22,R,L,2,0,0,0,0,0,2.39,P
Brewers,0,Trey,Supak,1996,5,31,R,R,0,0,0,0,0,0,0,P
Brewers,35,Brent,Suter,1989,8,29,L,L,2,0,0,0,0,0,0.49,P
Brewers,38,Devin,Williams,1994,9,21,R,R,1,0,0,0,0,0,3.95,P
Brewers,54,Taylor,Williams,1991,7,21,S,R,1,0,0,0,0,0,9.82,P
Brewers,53,Brandon,Woodruff,1993,2,10,L,R,45,0.267,0,4,0,0.638,3.62,P
Brewers,0,Deolis,Guerra,1989,4,17,R,R,0,0,0,0,0,0,54,P
Brewers,27,Zach,Davies,1993,2,7,R,R,52,0.154,0,3,0,0.362,3.55,P
Brewers,57,Chase,Anderson,1987,11,30,R,R,40,0.1,0,1,0,0.268,4.21,P
Brewers,47,Gio,Gonzalez,1985,9,19,R,L,25,0.04,0,0,0,0.117,3.5,P
Brewers,39,Corbin,Burnes,1994,10,22,R,R,7,0.286,0,0,0,0.571,8.82,P
Brewers,36,Jake,Faria,1993,7,30,R,R,0,0,0,0,0,0,11.42,P
Brewers,50,Ray,Black,1990,6,26,R,R,0,0,0,0,0,0,5.14,P
Brewers,58,Alex,Claudio,1992,1,31,L,L,0,0,0,0,0,0,4.06,P
Brewers,5,Cory,Spangenberg,1991,3,16,L,R,95,0.232,2,10,3,0.635,0,2B
Brewers,8,Ryan,Braun,1983,11,17,R,R,459,0.285,22,75,11,0.849,0,LF
Brewers,12,Tyrone,Taylor,1994,1,22,R,R,10,0.4,0,1,0,1.1,0,OF
Brewers,2,Trent,Grisham,1996,11,1,L,L,156,0.231,6,24,1,0.738,0,OF
Brewers,7,Eric,Thames,1986,11,10,L,R,396,0.247,25,61,3,0.851,0,1B
Brewers,29,Tyler,Austin,1991,9,6,R,R,20,0.2,1,4,1,0.82,0,1B
Brewers,3,Orlando,Arcia,1994,8,4,R,R,494,0.223,15,59,8,0.633,0,SS
Brewers,21,Travis,Shaw,1990,4,16,L,R,230,0.157,7,16,0,0.551,0,3B
Brewers,13,Tyler,Saladino,1989,7,20,R,R,65,0.123,2,8,2,0.413,0,UT
Brewers,10,Yasmani,Grandal,1988,11,8,S,R,513,0.246,28,77,5,0.848,0,C
Brewers,16,Ben,Gamel,1992,5,17,L,L,311,0.248,7,33,2,0.71,0,OF
Brewers,18,Keston,Hiura,1996,8,2,R,R,314,0.303,19,49,9,0.938,0,2B
Brewers,20,David,Freitas,1989,3,18,R,R,13,0.077,0,0,0,0.327,0,C
Brewers,11,Mike,Moustakas,1988,9,11,L,R,523,0.254,35,87,3,0.845,0,3B
Brewers,26,Jacob,Nottingham,1995,4,3,R,R,6,0.333,1,4,0,1.262,0,UT
Brewers,6,Lorenzo,Cain,1986,4,13,R,R,562,0.26,11,48,18,0.697,0,CF
Brewers,9,Manny,Pina,1987,6,5,R,R,158,0.228,7,25,0,0.724,0,C
Brewers,22,Christian,Yelich,1991,12,5,L,R,489,0.329,44,97,30,1.1,0,RF
Reds,32,R.J.,Alaniz,1991,6,14,R,R,1,1,0,1,0,2,5.4,P
Reds,54,Sonny,Gray,1989,11,7,R,R,46,0.152,0,3,0,0.383,2.87,P
Reds,49,Jimmy,Herget,1993,9,9,R,R,0,0,0,0,0,0,4.26,P
Reds,26,Raisel,Iglesias,1990,1,4,R,R,2,0,0,0,0,0,4.16,P
Reds,66,Joel,Kuhnel,1995,2,19,R,R,1,0,0,0,0,0,4.66,P
Reds,21,Michael,Lorenzen,1992,1,4,R,R,48,0.208,1,6,5,0.596,2.92,OF
Reds,30,Tyler,Mahle,1994,9,29,R,R,34,0.088,0,0,0,0.232,5.14,P
Reds,63,Keury,Mella,1993,8,2,R,R,1,0,0,0,0,0,7.36,P
Reds,23,Cody,Reed,1993,4,15,L,L,1,0,0,0,0,0,1.42,P
Reds,47,Sal,Romano,1993,10,12,L,R,2,0,0,0,0,0,7.71,P
Reds,39,Lucas,Sims,1994,5,10,R,R,8,0.125,0,0,0,0.25,4.6,P
Reds,62,Jackson,Stephens,1994,5,11,R,R,0,0,0,0,0,0,0,P
Reds,55,Robert,Stephenson,1993,2,24,R,R,1,0,0,0,0,0,3.76,P
Reds,46,Kevin,Gausman,1991,1,6,L,R,0,0,0,0,0,0,4.03,P
Reds,50,Amir,Garrett,1992,5,3,R,L,0,0,0,0,0,0,3.21,P
Reds,27,Trevor,Bauer,1991,1,17,R,R,14,0.143,0,0,0,0.393,6.39,P
Reds,67,Matt,Bowman,1991,5,31,R,R,1,0,0,0,0,0,3.66,P
Reds,58,Luis,Castillo,1992,12,12,R,R,62,0.097,0,0,0,0.21,3.4,P
Reds,28,Anthony,DeSclafani,1990,4,18,R,R,55,0.109,0,1,0,0.218,3.89,P
Reds,40,Alex,Wood,1991,1,12,R,L,9,0.222,0,0,0,0.444,5.8,P
Reds,75,Jose,Siri,1995,7,22,R,R,0,0,0,0,0,0,0,CF
Reds,3,Freddy,Galvis,1989,11,14,S,R,107,0.234,5,16,0,0.696,0,2B
Reds,16,Tucker,Barnhart,1991,1,7,S,R,316,0.231,11,40,1,0.708,0,C
Reds,44,Aristides,Aquino,1994,4,22,R,R,205,0.259,19,47,7,0.891,0,RF
Reds,7,Eugenio,Suarez,1991,7,18,R,R,575,0.271,49,103,3,0.93,0,3B
Reds,17,Josh,VanMeter,1995,3,10,L,R,228,0.237,8,23,9,0.735,0,LF
Reds,19,Joey,Votto,1983,9,10,L,R,525,0.261,15,47,5,0.768,0,1B
Reds,33,Jesse,Winker,1993,8,17,L,L,338,0.269,16,38,0,0.83,0,LF
Reds,2,Alex,Blandino,1992,11,6,R,R,36,0.25,1,3,0,0.781,0,IF
Reds,15,Nick,Senzel,1995,6,29,R,R,375,0.256,12,42,14,0.742,0,CF
Reds,6,Phil,Ervin,1992,7,15,R,R,236,0.271,7,23,4,0.797,0,OF
Reds,29,Christian,Colon,1989,5,14,R,R,6,0.5,0,1,0,1.125,0,2B
Reds,4,Jose,Iglesias,1990,1,5,R,R,504,0.288,11,59,6,0.724,0,SS
Reds,34,Brian,O'Grady,1992,5,17,L,R,42,0.19,2,3,0,0.72,0,UT
Reds,9,Jose,Peraza,1994,4,30,R,R,376,0.239,6,33,7,0.631,0,2B
Reds,12,Curt,Casali,1988,11,9,R,R,207,0.251,8,32,0,0.741,0,C
Reds,52,Kyle,Farmer,1990,8,17,R,R,183,0.23,9,27,4,0.689,0,UT
Reds,0,Scott,Schebler,1990,10,6,L,R,81,0.123,2,7,0,0.475,0,CF
Reds,22,Derek,Dietrich,1989,7,18,L,R,251,0.187,19,43,1,0.79,0,2B
Pirates,67,Dario,Agrazal,1994,12,28,R,R,22,0.091,0,2,0,0.178,4.91,P
Pirates,35,Keone,Kela,1993,4,16,R,R,0,0,0,0,0,0,2.12,P
Pirates,23,Mitch,Keller,1996,4,4,R,R,10,0,0,0,0,0,7.13,P
Pirates,47,Francisco,Liriano,1983,10,26,L,L,1,1,0,0,0,2,3.47,P
Pirates,49,Parker,Markel,1990,9,15,R,R,3,0,0,0,0,0,5.71,P
Pirates,74,James,Marvel,1993,9,17,R,R,4,0,0,0,0,0,8.31,P
Pirates,63,Alex,McRae,1993,4,6,R,R,6,0.333,0,0,0,0.667,8.78,P
Pirates,59,Joe,Musgrove,1992,12,4,R,R,51,0.157,0,3,0,0.424,4.44,P
Pirates,66,Dovydas,Neverauskas,1993,1,14,R,R,0,0,0,0,0,0,10.61,P
Pirates,70,Yefry,Ramirez,1993,11,28,R,R,2,0,0,0,0,0,7.71,P
Pirates,71,Yacksel,Rios,1993,6,27,R,R,0,0,0,0,0,0,5.23,P
Pirates,48,Richard,Rodriguez,1990,3,4,R,R,0,0,0,0,0,0,3.72,P
Pirates,46,Chris,Stratton,1990,8,22,R,R,2,0,0,0,0,0,3.66,P
Pirates,78,Wei-Chung,Wang,1992,4,25,L,L,0,0,0,0,0,0,6.75,P
Pirates,79,Williams,Jerez,1992,5,16,L,L,0,0,0,0,0,0,7.36,P
Pirates,52,Clay,Holmes,1993,3,27,R,R,5,0,0,0,0,0,5.58,P
Pirates,43,Steven,Brault,1992,4,29,L,L,42,0.333,1,2,0,0.777,5.16,P
Pirates,65,JT,Brubaker,1993,11,17,R,R,0,0,0,0,0,0,0,P
Pirates,34,Trevor,Williams,1992,4,25,R,R,36,0.167,0,4,0,0.377,5.38,P
Pirates,64,Montana,DuRapau,1992,3,27,R,R,4,0.25,0,0,0,0.5,9.35,P
Pirates,77,Luis,Escobar,1996,5,30,R,R,2,0,0,0,0,0,7.94,P
Pirates,45,Michael,Feliz,1993,6,28,R,R,0,0,0,0,0,0,3.99,P
Pirates,72,Geoff,Hartlieb,1993,12,9,R,R,0,0,0,0,0,0,9,P
Pirates,6,Starling,Marte,1988,10,9,R,R,539,0.295,23,82,25,0.845,0,CF
Pirates,61,Steven,Baron,1990,12,7,R,R,10,0.2,0,1,0,0.5,0,C
Pirates,3,Cole,Tucker,1996,7,3,S,R,147,0.211,2,13,0,0.626,0,SS
Pirates,55,Josh,Bell,1992,8,14,S,R,527,0.277,37,116,0,0.936,0,1B
Pirates,58,Jacob,Stallings,1989,12,22,R,R,191,0.262,6,13,0,0.708,0,C
Pirates,75,Corban,Joseph,1988,10,28,L,R,11,0.182,0,0,0,0.455,0,UT
Pirates,10,Bryan,Reynolds,1995,1,27,S,R,491,0.314,16,68,3,0.88,0,LF
Pirates,15,Pablo,Reyes,1993,9,5,R,R,143,0.203,2,19,1,0.596,0,UT
Pirates,53,Melky,Cabrera,1984,8,11,S,L,378,0.28,7,47,2,0.713,0,RF
Pirates,36,Jose,Osuna,1992,12,12,R,R,261,0.264,10,36,0,0.766,3.86,UT
Pirates,27,Kevin,Newman,1993,8,4,R,R,493,0.308,12,64,16,0.8,0,SS
Pirates,2,Erik,Gonzalez,1991,8,31,R,R,142,0.254,1,6,4,0.618,0,SS
Pirates,44,Kevin,Kramer,1993,10,3,L,R,42,0.167,0,5,0,0.45,0,UT
Pirates,19,Colin,Moran,1992,10,1,L,R,466,0.277,13,80,0,0.751,0,3B
Pirates,68,Jake,Elmore,1987,6,15,R,R,47,0.213,0,4,0,0.479,0,UT
Pirates,26,Adam,Frazier,1991,12,14,L,R,554,0.278,10,50,5,0.753,0,2B
Pirates,32,Elias,Diaz,1990,11,17,R,R,303,0.241,2,28,0,0.603,0,C
Dodgers,52,Pedro,Baez,1988,3,11,R,R,0,0,0,0,0,0,3.1,P
Dodgers,74,Kenley,Jansen,1987,9,30,S,R,1,0,0,0,0,0,3.71,P
Dodgers,17,Joe,Kelly,1988,6,9,R,R,2,0,0,0,0,0,4.56,P
Dodgers,22,Clayton,Kershaw,1988,3,19,L,L,49,0.102,0,1,0,0.242,3.03,P
Dodgers,56,Adam,Kolarek,1989,1,14,L,L,0,0,0,0,0,0,0.77,P
Dodgers,18,Kenta,Maeda,1988,4,11,R,R,48,0.25,0,6,0,0.542,4.04,P
Dodgers,85,Dustin,May,1997,9,6,R,R,11,0.091,0,0,0,0.182,3.63,P
Dodgers,99,Hyun-Jin,Ryu,1987,3,25,R,L,51,0.157,1,3,0,0.453,2.32,P
Dodgers,68,Ross,Stripling,1989,11,23,R,R,20,0.15,0,1,0,0.377,3.47,P
Dodgers,7,Julio,Urias,1996,8,12,L,L,12,0.25,0,2,0,0.558,2.49,P
Dodgers,44,Rich,Hill,1980,3,11,L,L,18,0.167,0,1,0,0.433,2.45,P
Dodgers,21,Walker,Buehler,1994,7,28,R,R,59,0.085,1,2,0,0.278,3.26,P
Dodgers,31,Joc,Pederson,1992,4,21,L,L,450,0.249,36,74,1,0.876,0,LF
Dodgers,11,A.J.,Pollock,1987,12,5,R,R,308,0.266,15,47,5,0.795,0,CF
Dodgers,13,Max,Muncy,1990,8,25,L,R,487,0.251,35,98,4,0.889,0,1B
Dodgers,55,Russell,Martin,1983,2,15,R,R,209,0.22,6,20,1,0.667,0,C
Dodgers,48,Gavin,Lux,1997,11,23,L,R,75,0.24,2,9,2,0.705,0,2B
Dodgers,5,Corey,Seager,1994,4,27,L,R,489,0.272,19,87,1,0.817,0,SS
Dodgers,16,Will,Smith,1995,3,28,R,R,170,0.253,15,42,2,0.907,0,C
Dodgers,10,Justin,Turner,1984,11,23,R,R,479,0.29,27,67,2,0.881,0,3B
Dodgers,14,Enrique,Hernandez,1991,8,24,R,R,414,0.237,17,64,4,0.715,0,2B
Dodgers,3,Chris,Taylor,1990,8,29,R,R,366,0.262,12,52,8,0.794,0,UT
Dodgers,45,Matt,Beaty,1993,4,28,L,R,249,0.265,9,46,5,0.775,0,UT
Dodgers,25,David,Freese,1983,4,28,R,R,162,0.315,11,29,0,1.002,0,1B
Dodgers,35,Cody,Bellinger,1995,7,13,L,L,558,0.305,47,115,15,1.035,0,RF
Dodgers,76,Josh,Sborz,1993,12,17,R,R,0,0,0,0,0,0,8,P
Dodgers,0,Dennis,Santana,1996,4,12,R,R,2,0.5,0,0,0,1,7.2,P
Dodgers,65,Casey,Sadler,1990,7,13,R,R,3,0,0,0,0,0,2.33,P
Dodgers,51,Dylan,Floro,1990,12,27,L,R,2,0,0,0,0,0,4.24,P
Dodgers,46,Tony,Gonsolin,1994,5,14,R,R,13,0.308,0,1,0,0.615,2.93,P
Dodgers,0,JT,Chargois,1990,12,3,S,R,1,0,0,0,0,0,6.33,P
Dodgers,64,Caleb,Ferguson,1996,7,2,R,L,2,0.5,0,0,0,1.5,4.84,P
Dodgers,63,Yimi,Garcia,1990,8,18,R,R,2,0,0,0,0,0,3.61,P
Dodgers,15,Austin,Barnes,1989,12,28,R,R,212,0.203,5,25,3,0.633,0,C
Dodgers,26,Jedd,Gyorko,1988,9,23,R,R,36,0.139,0,2,0,0.372,0,IF
Dodgers,41,Kyle,Garlick,1992,1,26,R,R,48,0.25,3,6,0,0.842,0,OF
Dodgers,70,Keibert,Ruiz,1998,7,20,S,R,0,0,0,0,0,0,0,C
Dodgers,9,Kristopher,Negron,1986,2,1,R,R,54,0.259,2,7,0,0.687,0,UT
Dodgers,43,Edwin,Rios,1994,4,21,L,R,47,0.277,4,8,0,1.01,0,CI
Dodgers,27,Alex,Verdugo,1996,5,15,L,L,343,0.294,12,44,4,0.817,0,OF
Diamondbacks,49,Alex,Young,1993,9,9,L,L,25,0.04,0,0,0,0.08,3.56,P
Diamondbacks,37,Kevin,Ginkel,1994,3,24,L,R,0,0,0,0,0,0,1.48,P
Diamondbacks,66,Yoshihisa,Hirano,1984,3,8,R,R,0,0,0,0,0,0,4.75,P
Diamondbacks,54,Jimmie,Sherfy,1991,12,27,R,R,2,0,0,0,0,0,5.89,P
Diamondbacks,63,Robby,Scott,1989,8,29,S,L,0,0,0,0,0,0,4.91,P
Diamondbacks,29,Merrill,Kelly,1988,10,14,R,R,52,0.019,0,2,0,0.075,4.42,P
Diamondbacks,38,Robbie,Ray,1991,10,1,L,L,55,0.073,0,3,0,0.145,4.34,P
Diamondbacks,8,Mike,Leake,1987,11,12,R,R,20,0.05,0,1,0,0.1,4.35,P
Diamondbacks,0,Joel,Payamps,1994,4,7,R,R,0,0,0,0,0,0,4.5,P
Diamondbacks,30,T.J.,McFarland,1989,6,8,L,L,3,0,0,0,0,0,4.82,P
Diamondbacks,50,Yoan,Lopez,1993,1,2,R,R,0,0,0,0,0,0,3.41,P
Diamondbacks,59,Zac,Gallen,1995,8,3,R,R,9,0.111,0,1,0,0.222,2.89,P
Diamondbacks,52,Bo,Takahashi,1997,1,23,R,R,0,0,0,0,0,0,0,P
Diamondbacks,24,Luke,Weaver,1993,8,21,R,R,19,0.105,1,4,0,0.363,2.94,P
Diamondbacks,35,Matt,Andriese,1989,8,28,R,R,6,0,0,0,0,0,4.71,P
Diamondbacks,99,Taijuan,Walker,1992,8,13,R,R,0,0,0,0,0,0,0,P
Diamondbacks,25,Archie,Bradley,1992,8,10,R,R,1,0,0,0,0,0,3.52,P
Diamondbacks,40,Andrew,Chafin,1990,6,17,R,L,0,0,0,0,0,0,3.76,P
Diamondbacks,45,Taylor,Clarke,1993,5,13,R,R,24,0.25,1,2,0,0.625,5.31,P
Diamondbacks,58,Stefan,Crichton,1992,2,29,R,R,0,0,0,0,0,0,3.56,P
Diamondbacks,57,Jon,Duplantier,1994,7,11,L,R,8,0.125,0,0,0,0.25,4.42,P
Diamondbacks,79,Corbin,Martin,1995,12,28,R,R,0,0,0,0,0,0,0,P
Diamondbacks,9,Josh,Rojas,1994,6,30,L,R,138,0.217,2,16,4,0.624,0,LF
Diamondbacks,53,Christian,Walker,1991,3,28,R,R,529,0.259,29,73,8,0.825,0,1B
Diamondbacks,15,Ildemaro,Vargas,1991,7,16,S,R,201,0.269,6,24,1,0.712,0,2B
Diamondbacks,4,Ketel,Marte,1993,10,12,S,R,569,0.329,32,92,10,0.981,0,CF
Diamondbacks,48,Abraham,Almonte,1989,6,27,S,R,31,0.29,1,4,0,0.969,0,OF
Diamondbacks,31,Alex,Avila,1987,1,29,L,R,164,0.207,9,24,1,0.774,4.5,C
Diamondbacks,32,Kevin,Cron,1993,2,17,R,R,71,0.211,6,16,0,0.79,0,1B
Diamondbacks,1,Jarrod,Dyson,1984,8,15,L,R,400,0.23,7,27,30,0.633,0,OF
Diamondbacks,5,Eduardo,Escobar,1989,1,5,S,R,636,0.269,35,118,5,0.831,0,3B
Diamondbacks,41,Wilmer,Flores,1991,8,6,R,R,265,0.317,9,37,0,0.848,0,2B
Diamondbacks,10,Adam,Jones,1985,8,1,R,R,485,0.26,16,67,2,0.728,0,RF
Diamondbacks,14,Caleb,Joseph,1986,6,18,R,R,38,0.211,0,3,0,0.513,0,C
Diamondbacks,18,Carson,Kelly,1994,7,14,R,R,314,0.245,18,47,0,0.826,0,C
Diamondbacks,22,Jake,Lamb,1990,10,9,L,R,187,0.193,6,30,1,0.676,0,CI
Diamondbacks,2,Domingo,Leyba,1995,9,11,S,R,25,0.28,0,5,0,0.807,0,IF
Diamondbacks,16,Tim,Locastro,1992,7,14,R,R,212,0.25,1,17,17,0.697,0,LF
Diamondbacks,13,Nick,Ahmed,1990,3,15,R,R,556,0.254,19,82,8,0.753,0,SS
Giants,50,Fernando,Abad,1985,12,17,L,L,0,0,0,0,0,0,4.15,P
Giants,61,Burch,Smith,1990,4,12,R,R,0,0,0,0,0,0,2.08,P
Giants,75,Enderson,Franco,1992,12,29,R,R,0,0,0,0,0,0,3.38,P
Giants,67,Sam,Selman,1990,11,14,R,L,0,0,0,0,0,0,4.35,P
Giants,74,Jandel,Gustave,1992,10,12,R,R,1,0,0,0,0,0,2.96,P
Giants,29,Jeff,Samardzija,1985,1,23,R,R,50,0.12,0,1,0,0.28,3.52,P
Giants,71,Tyler,Rogers,1990,12,17,R,R,0,0,0,0,0,0,1.02,P
Giants,51,Conner,Menez,1995,5,29,L,L,3,0,0,0,0,0,5.29,P
Giants,60,Wandy,Peralta,1991,7,27,L,L,0,0,0,0,0,0,3.18,P
Giants,57,Dereck,Rodriguez,1992,6,5,R,R,29,0.172,0,0,0,0.345,5.64,P
Giants,87,Ricardo,Pinto,1994,1,20,R,R,0,0,0,0,0,0,0,P
Giants,13,Will,Smith,1989,7,10,R,L,1,1,0,2,0,2,2.76,P
Giants,47,Johnny,Cueto,1986,2,15,R,R,4,0,0,0,0,0,5.06,P
Giants,62,Logan,Webb,1996,11,18,R,R,9,0.111,0,0,0,0.311,5.22,P
Giants,84,Melvin,Adon,1994,6,9,L,R,0,0,0,0,0,0,0,P
Giants,64,Shaun,Anderson,1994,10,29,R,R,25,0.08,0,0,0,0.235,5.44,P
Giants,45,Kyle,Barraclough,1990,5,23,R,R,0,0,0,0,0,0,2.25,P
Giants,38,Tyler,Beede,1993,5,23,R,R,38,0.105,0,1,0,0.276,5.08,P
Giants,59,Andrew,Suarez,1992,9,11,L,L,3,0,0,0,0,0,5.79,P
Giants,40,Madison,Bumgarner,1989,8,1,R,L,63,0.127,2,4,0,0.458,3.9,P
Giants,65,Sam,Coonrod,1992,9,22,R,R,0,0,0,0,0,0,3.58,P
Giants,26,Chris,Shaw,1993,10,20,L,R,18,0.056,0,0,0,0.206,0,1B
Giants,21,Stephen,Vogt,1984,11,1,L,R,255,0.263,10,40,3,0.804,0,C
Giants,53,Austin,Slater,1992,12,13,R,R,168,0.238,5,21,1,0.75,0,RF
Giants,7,Donovan,Solano,1987,12,17,R,R,215,0.33,4,23,0,0.815,0,MI
Giants,37,Joey,Rickard,1991,5,21,R,L,50,0.28,1,4,1,0.713,0,LF
Giants,28,Buster,Posey,1987,3,27,R,R,405,0.257,7,38,0,0.688,0,C
Giants,14,Cristhian,Adames,1991,7,26,S,R,22,0.318,0,2,0,0.739,0,IF
Giants,0,Abiatal,Avelino,1995,2,14,R,R,7,0.286,0,1,0,0.661,0,UT
Giants,9,Brandon,Belt,1988,4,20,L,L,526,0.234,17,57,4,0.742,0,1B
Giants,35,Brandon,Crawford,1987,1,21,L,R,500,0.228,11,59,3,0.654,0,SS
Giants,49,Jaylin,Davis,1994,7,1,R,R,42,0.167,1,3,1,0.493,0,RF
Giants,8,Alex,Dickerson,1990,5,26,L,L,155,0.29,6,26,1,0.88,0,LF
Giants,19,Mauricio,Dubon,1994,7,19,R,R,104,0.279,4,9,3,0.754,0,2B
Giants,16,Aramis,Garcia,1993,1,12,R,R,42,0.143,2,5,0,0.527,0,UT
Giants,34,Mike,Gerber,1992,7,8,L,R,24,0.042,0,0,0,0.199,0,OF
Giants,10,Evan,Longoria,1985,10,7,R,R,453,0.254,20,69,3,0.762,0,3B
Giants,81,Joe,McCarthy,1994,2,23,L,L,0,0,0,0,0,0,0,RF
Giants,1,Kevin,Pillar,1989,1,4,R,R,595,0.264,21,87,14,0.735,0,CF
Giants,5,Mike,Yastrzemski,1990,8,23,L,L,371,0.272,21,55,2,0.852,0,LF
Rockies,62,Yency,Almonte,1994,6,4,S,R,5,0,0,0,0,0,5.56,P
Rockies,30,Joe,Harvey,1992,1,9,R,R,0,0,0,0,0,0,5.63,P
Rockies,34,Jeff,Hoffman,1993,1,8,R,R,21,0.238,0,1,0,0.476,6.56,P
Rockies,61,Sam,Howard,1993,3,5,R,L,1,0,0,0,0,0,6.63,P
Rockies,63,DJ,Johnson,1989,8,30,L,R,0,0,0,0,0,0,5.04,P
Rockies,23,Peter,Lambert,1997,4,18,R,R,28,0.321,0,2,0,0.709,7.25,P
Rockies,74,Justin,Lawrence,1994,11,25,R,R,0,0,0,0,0,0,0,P
Rockies,48,German,Marquez,1995,2,22,R,R,48,0.229,0,11,0,0.583,4.76,P
Rockies,51,Jake,McGee,1986,8,6,L,L,0,0,0,0,0,0,4.35,P
Rockies,38,Tim,Melville,1989,10,9,R,R,8,0.25,0,2,0,0.5,4.86,P
Rockies,18,Wes,Parsons,1992,9,6,R,R,1,0,0,0,0,0.5,6.98,P
Rockies,47,James,Pazos,1991,5,5,R,L,0,0,0,0,0,0,1.74,P
Rockies,49,Antonio,Senzatela,1995,1,21,R,R,40,0.025,0,3,0,0.074,6.71,P
Rockies,29,Bryan,Shaw,1987,11,8,S,R,0,0,0,0,0,0,5.38,P
Rockies,32,Jesus,Tinoco,1995,4,30,R,R,5,0.2,0,0,0,0.4,4.75,P
Rockies,50,Chi Chi,Gonzalez,1992,1,15,R,R,24,0.042,0,2,0,0.083,5.29,P
Rockies,46,Rico,Garcia,1994,1,10,R,R,1,0,0,0,0,0,10.5,P
Rockies,71,Wade,Davis,1985,9,7,R,R,0,0,0,0,0,0,8.65,P
Rockies,37,Jairo,Diaz,1991,5,27,R,R,0,0,0,0,0,0,4.53,P
Rockies,64,Phillip,Diehl,1994,7,16,L,L,0,0,0,0,0,0,7.36,P
Rockies,54,Carlos,Estevez,1992,12,28,R,R,0,0,0,0,0,0,3.75,P
Rockies,21,Kyle,Freeland,1993,5,14,L,L,23,0.087,0,0,0,0.279,6.73,P
Rockies,60,Ryan,Castellani,1996,4,1,R,R,0,0,0,0,0,0,0,P
Rockies,15,Raimel,Tapia,1994,2,4,L,L,426,0.275,9,44,9,0.724,0,LF
Rockies,13,Yonder,Alonso,1987,4,8,L,R,73,0.26,3,10,0,0.837,0,1B
Rockies,27,Trevor,Story,1992,11,15,R,R,588,0.294,35,85,23,0.917,0,SS
Rockies,28,Nolan,Arenado,1991,4,16,R,R,588,0.315,41,118,3,0.962,0,3B
Rockies,4,Pat,Valaika,1992,9,9,R,R,79,0.19,1,4,0,0.572,0,IF
Rockies,19,Charlie,Blackmon,1986,7,1,L,L,580,0.314,32,86,2,0.94,0,RF
Rockies,25,Drew,Butera,1983,8,9,R,R,43,0.163,0,3,0,0.462,0,C
Rockies,58,Dom,Nunez,1995,1,17,L,R,39,0.179,2,4,0,0.643,0,C
Rockies,9,Daniel,Murphy,1985,4,1,L,R,438,0.279,13,78,1,0.78,0,1B
Rockies,26,David,Dahl,1994,4,1,L,R,374,0.302,15,61,4,0.877,0,OF
Rockies,24,Ryan,McMahon,1994,12,14,L,R,480,0.25,24,83,5,0.779,0,2B
Rockies,31,Yonathan,Daza,1994,2,28,R,R,97,0.206,0,3,1,0.494,0,CF
Rockies,20,Ian,Desmond,1985,9,20,R,R,443,0.255,20,65,3,0.788,0,CF
Rockies,43,Sam,Hilliard,1994,2,21,L,L,77,0.273,7,13,2,1.006,0,OF
Rockies,8,Josh,Fuentes,1993,2,19,R,R,55,0.218,3,7,1,0.632,0,1B
Rockies,1,Garrett,Hampson,1994,10,10,R,R,299,0.247,8,27,15,0.686,0,UT
Rockies,14,Tony,Wolters,1992,6,9,L,R,359,0.262,1,42,0,0.666,0,C
Padres,39,Kirby,Yates,1987,3,25,L,R,0,0,0,0,0,0,1.19,P
Padres,29,Dinelson,Lamet,1992,7,18,R,R,21,0.143,0,0,0,0.286,4.07,P
Padres,46,Eric,Lauer,1995,6,3,R,L,40,0.1,0,0,0,0.272,4.45,P
Padres,37,Joey,Lucchesi,1993,6,6,L,L,48,0.063,0,1,0,0.144,4.18,P
Padres,34,Craig,Stammen,1984,3,9,R,R,1,0,0,0,0,0,3.29,P
Padres,25,Nick,Margevicius,1996,6,18,L,L,15,0.2,0,0,0,0.4,6.79,P
Padres,43,Garrett,Richards,1988,5,27,R,R,2,0,0,0,0,0,8.31,P
Padres,64,Gerardo,Reyes,1993,5,13,R,R,1,0,0,0,0,0,7.62,P
Padres,40,Cal,Quantrill,1995,2,10,L,R,25,0.08,0,1,0,0.195,5.16,P
Padres,52,Andres,Munoz,1999,1,16,R,R,0,0,0,0,0,0,3.91,P
Padres,61,Luis,Perdomo,1993,5,9,R,R,7,0.143,0,1,0,0.286,4,P
Padres,55,Matt,Strahm,1991,11,12,R,L,21,0.286,0,1,0,0.729,4.71,P
Padres,59,Chris,Paddack,1996,1,8,R,R,42,0.119,0,2,0,0.238,3.33,P
Padres,44,Pedro,Avila,1997,1,14,R,R,1,0,0,0,0,0,1.69,P
Padres,49,Michel,Baez,1996,1,21,R,R,0,0,0,0,0,0,3.03,P
Padres,67,David,Bednar,1994,10,10,L,R,0,0,0,0,0,0,6.55,P
Padres,57,Ronald,Bolanos,1996,8,23,R,R,5,0,0,1,0,0,5.95,P
Padres,12,Carl,Edwards Jr.,1991,9,3,R,R,0,0,0,0,0,0,32.4,P
Padres,41,Robbie,Erlin,1990,10,8,R,L,4,0,0,0,0,0,5.37,P
Padres,70,Anderson,Espinoza,1998,3,9,R,R,0,0,0,0,0,0,0,P
Padres,54,Eric,Yardley,1990,8,18,R,R,0,0,0,0,0,0,2.31,P
Padres,58,Trey,Wingenter,1994,4,15,R,R,0,0,0,0,0,0,5.65,P
Padres,8,Javy,Guerra,1995,9,25,L,R,0,0,0,0,0,0,5.19,P
Padres,10,Hunter,Renfroe,1992,1,28,R,R,440,0.216,33,64,5,0.778,0,OF
Padres,9,Luis,Urias,1997,6,3,R,R,215,0.223,4,24,0,0.655,0,MI
Padres,21,Luis,Torrens,1996,5,2,R,R,14,0.214,0,0,0,0.598,0,C
Padres,71,Edward,Olivares,1996,3,6,R,R,0,0,0,0,0,0,0,CF
Padres,22,Josh,Naylor,1997,6,22,L,L,253,0.249,8,32,1,0.719,0,OF
Padres,11,Ty,France,1994,7,13,R,R,184,0.234,7,24,0,0.696,4.5,IF
Padres,5,Greg,Garcia,1989,8,8,L,R,311,0.248,4,31,0,0.718,0,2B
Padres,18,Austin,Hedges,1992,8,18,R,R,312,0.176,11,36,1,0.563,0,C
Padres,30,Eric,Hosmer,1989,10,24,L,L,619,0.265,22,99,0,0.735,0,1B
Padres,16,Travis,Jankowski,1991,6,15,L,R,22,0.182,0,0,2,0.432,0,OF
Padres,13,Manny,Machado,1992,7,6,R,R,587,0.256,32,85,5,0.796,0,3B
Padres,7,Manuel,Margot,1994,9,28,R,R,398,0.234,12,37,20,0.691,0,CF
Padres,2,Nick,Martini,1990,6,27,L,L,82,0.244,0,5,0,0.661,0,LF
Padres,27,Francisco,Mejia,1995,10,27,S,R,226,0.265,8,22,1,0.754,0,C
Padres,24,Seth,Mejias-Brean,1991,4,5,R,R,30,0.233,2,5,0,0.803,0,IF
Padres,4,Wil,Myers,1990,12,10,R,R,435,0.239,18,53,16,0.739,0,LF
Padres,62,Austin,Allen,1994,1,16,L,R,65,0.215,0,3,0,0.559,0,C